accepted_run_index,evidence_number,evidence_file,evidence_sha256,campaign_id,campaign_plan_sha256,outcome,protocol_qualified,strict_pass,failed_qualification_checks,failed_result_checks,started_utc,finished_utc,run_duration_ms,app_uid,command_count,analysis_true_checks,cleanup_true_checks,baseline_app_standby_present,baseline_app_standby_ms,baseline_device_idle_present,baseline_device_idle_ms,baseline_minimum_latency_present,baseline_minimum_latency_ms,final_app_standby_present,final_app_standby_ms,final_device_idle_present,final_device_idle_ms,final_minimum_latency_present,final_minimum_latency_ms,final_device_state_present,final_device_state_ms,final_job_scheduler_optimization_present,final_job_scheduler_optimization_ms,final_quota_present,final_quota_ms,job_age_conservative_lower_ms,job_age_conservative_upper_ms,job_age_app_clock_lower_ms,job_age_app_clock_upper_ms,union_reference_lower_ms,union_reference_upper_ms,additive_reference_lower_ms,additive_reference_upper_ms,collapsed_prediction_lower_ms,collapsed_prediction_upper_ms,app_standby_minus_age_upper_ms,app_standby_minus_minimum_latency_ms,minimum_latency_minus_union_upper_ms,minimum_latency_minus_additive_upper_ms,history_union_ms,history_nested_battery_not_low_ms,history_contributor_additive_ms,history_collapsed_prediction_ms,public_minus_exact_prediction_ms,charging_unsatisfied_offset_ms,battery_not_low_unsatisfied_offset_ms,battery_not_low_satisfied_offset_ms,charging_satisfied_offset_ms,final_callback_count,final_pending,aosp_revision,repo_manifest_sha256,production_job_status_sha256,source_sha256,apk_sha256,device_fingerprint,device_build_id,device_incremental,device_security_patch,boot_id
1,1,runs/evidence1.json,d19e113fecc7870c815afb3e7e94bf2f3d73be06edbc26c4228b0ce45b368142,cp2a-r1-as-20260819T043340Z,582ae8927a78e2d5e77b7cb15c7fc623e110bf705a0304f8cb4169e0906b77de,PASS,true,true,,,2026-08-19T04:34:45.515137Z,2026-08-19T04:35:45.059971Z,59545,10156,132,28,7,true,0,true,30057,true,30057,true,65575,true,50556,true,50556,true,0,true,0,true,0,50470,50680,50555,50557,19580,20460,34570,36070,65160,66260,14895,15019,30096,14486,20113,15306,35419,65575,0,30156,32657,47963,50269,0,true,94b4c163b7dfe5ce3607f7bb8456f9573f7de57d,bb9554ce399669698c26f022500aef7a2d410e2d4e5619ce80f016de4ee7a15f,2a8fbe2a30f1967d677ebc9303446bd6833cb280bab11f3190a2bdb87450e7ba,d58350323307539d7058ad9566a801d94539d59a564e957121913949102fc6b3,8539b05bb91c4bcf1d3251a12fad133f2f0a65f7cf878974cd50776a9149d75b,Android/sdk_phone64_x86_64/emu64x:17/CP2A.260605.016/lostboundaries-r1-as:userdebug/test-keys,CP2A.260605.016,lostboundaries-r1-as,2026-06-05,fa884bc6-f149-4d23-889a-2e44cb175e92
2,2,runs/evidence2.json,2fb5bc7664943aa06be074651f845b1996f2ff91df67b9c7b60f367b857f73f6,cp2a-r1-as-20260819T043340Z,582ae8927a78e2d5e77b7cb15c7fc623e110bf705a0304f8cb4169e0906b77de,PASS,true,true,,,2026-08-19T04:35:45.196295Z,2026-08-19T04:36:44.372553Z,59176,10157,132,28,7,true,0,true,30045,true,30045,true,65503,true,50492,true,50492,true,0,true,0,true,0,50430,50610,50492,50493,19550,20410,34540,36000,65130,66170,14893,15011,30082,14492,20087,15286,35373,65503,0,30130,32634,47920,50217,0,true,94b4c163b7dfe5ce3607f7bb8456f9573f7de57d,bb9554ce399669698c26f022500aef7a2d410e2d4e5619ce80f016de4ee7a15f,2a8fbe2a30f1967d677ebc9303446bd6833cb280bab11f3190a2bdb87450e7ba,d58350323307539d7058ad9566a801d94539d59a564e957121913949102fc6b3,8539b05bb91c4bcf1d3251a12fad133f2f0a65f7cf878974cd50776a9149d75b,Android/sdk_phone64_x86_64/emu64x:17/CP2A.260605.016/lostboundaries-r1-as:userdebug/test-keys,CP2A.260605.016,lostboundaries-r1-as,2026-06-05,fa884bc6-f149-4d23-889a-2e44cb175e92
3,3,runs/evidence3.json,c38d78193dc8f87aad88e1c19ea70a886bbeba042f1a927c0e34f80ca8f4360f,cp2a-r1-as-20260819T043340Z,582ae8927a78e2d5e77b7cb15c7fc623e110bf705a0304f8cb4169e0906b77de,PASS,true,true,,,2026-08-19T04:36:44.498869Z,2026-08-19T04:37:43.447542Z,58949,10158,129,28,7,true,0,true,30046,true,30046,true,65276,true,50290,true,50290,true,0,true,0,true,0,50220,50400,50289,50291,19550,20210,34530,35790,64900,65950,14876,14986,30080,14500,19867,15277,35144,65276,0,30132,32417,47694,49999,0,true,94b4c163b7dfe5ce3607f7bb8456f9573f7de57d,bb9554ce399669698c26f022500aef7a2d410e2d4e5619ce80f016de4ee7a15f,2a8fbe2a30f1967d677ebc9303446bd6833cb280bab11f3190a2bdb87450e7ba,d58350323307539d7058ad9566a801d94539d59a564e957121913949102fc6b3,8539b05bb91c4bcf1d3251a12fad133f2f0a65f7cf878974cd50776a9149d75b,Android/sdk_phone64_x86_64/emu64x:17/CP2A.260605.016/lostboundaries-r1-as:userdebug/test-keys,CP2A.260605.016,lostboundaries-r1-as,2026-06-05,fa884bc6-f149-4d23-889a-2e44cb175e92
4,4,runs/evidence4.json,fcd47a43eb60a951229148842d8b848677485d1d7b47e4b892b763c80f280e7f,cp2a-r1-as-20260819T043340Z,582ae8927a78e2d5e77b7cb15c7fc623e110bf705a0304f8cb4169e0906b77de,PASS,true,true,,,2026-08-19T04:37:43.579713Z,2026-08-19T04:38:42.671400Z,59092,10159,132,28,7,true,0,true,30053,true,30053,true,65529,true,50529,true,50529,true,0,true,0,true,0,50460,50640,50529,50529,19560,20440,34550,36030,65150,66200,14889,15000,30089,14499,20089,15284,35373,65529,0,30156,32654,47938,50245,0,true,94b4c163b7dfe5ce3607f7bb8456f9573f7de57d,bb9554ce399669698c26f022500aef7a2d410e2d4e5619ce80f016de4ee7a15f,2a8fbe2a30f1967d677ebc9303446bd6833cb280bab11f3190a2bdb87450e7ba,d58350323307539d7058ad9566a801d94539d59a564e957121913949102fc6b3,8539b05bb91c4bcf1d3251a12fad133f2f0a65f7cf878974cd50776a9149d75b,Android/sdk_phone64_x86_64/emu64x:17/CP2A.260605.016/lostboundaries-r1-as:userdebug/test-keys,CP2A.260605.016,lostboundaries-r1-as,2026-06-05,fa884bc6-f149-4d23-889a-2e44cb175e92
5,5,runs/evidence5.json,3e1d58f5f5569f5574f2219806d643531937d6fc16593c5950becce9887a3d82,cp2a-r1-as-20260819T043340Z,582ae8927a78e2d5e77b7cb15c7fc623e110bf705a0304f8cb4169e0906b77de,PASS,true,true,,,2026-08-19T04:38:42.799973Z,2026-08-19T04:39:41.777128Z,58977,10160,132,28,7,true,0,true,30040,true,30040,true,65541,true,50517,true,50517,true,0,true,0,true,0,50450,50640,50517,50518,19580,20440,34570,36040,65140,66200,14901,15024,30077,14477,20116,15302,35418,65541,0,30123,32622,47924,50239,0,true,94b4c163b7dfe5ce3607f7bb8456f9573f7de57d,bb9554ce399669698c26f022500aef7a2d410e2d4e5619ce80f016de4ee7a15f,2a8fbe2a30f1967d677ebc9303446bd6833cb280bab11f3190a2bdb87450e7ba,d58350323307539d7058ad9566a801d94539d59a564e957121913949102fc6b3,8539b05bb91c4bcf1d3251a12fad133f2f0a65f7cf878974cd50776a9149d75b,Android/sdk_phone64_x86_64/emu64x:17/CP2A.260605.016/lostboundaries-r1-as:userdebug/test-keys,CP2A.260605.016,lostboundaries-r1-as,2026-06-05,fa884bc6-f149-4d23-889a-2e44cb175e92
6,6,runs/evidence6.json,f8d75aa9f7ccef6183ec3f8e692f2006b5cbf44144a2e53329102b20d8676fdb,cp2a-r1-as-20260819T043340Z,582ae8927a78e2d5e77b7cb15c7fc623e110bf705a0304f8cb4169e0906b77de,PASS,true,true,,,2026-08-19T04:39:41.909144Z,2026-08-19T04:40:41.323044Z,59414,10161,132,28,7,true,0,true,30058,true,30058,true,65333,true,50299,true,50299,true,0,true,0,true,0,50230,50430,50298,50300,19570,20200,34550,35800,64920,66000,14903,15034,30099,14499,19888,15296,35184,65333,0,30149,32427,47723,50037,0,true,94b4c163b7dfe5ce3607f7bb8456f9573f7de57d,bb9554ce399669698c26f022500aef7a2d410e2d4e5619ce80f016de4ee7a15f,2a8fbe2a30f1967d677ebc9303446bd6833cb280bab11f3190a2bdb87450e7ba,d58350323307539d7058ad9566a801d94539d59a564e957121913949102fc6b3,8539b05bb91c4bcf1d3251a12fad133f2f0a65f7cf878974cd50776a9149d75b,Android/sdk_phone64_x86_64/emu64x:17/CP2A.260605.016/lostboundaries-r1-as:userdebug/test-keys,CP2A.260605.016,lostboundaries-r1-as,2026-06-05,fa884bc6-f149-4d23-889a-2e44cb175e92
7,7,runs/evidence7.json,211d9825ac8f609d4d19c1ee11f40471b731ed632fd8249356ad604a6ba88d4d,cp2a-r1-as-20260819T043340Z,582ae8927a78e2d5e77b7cb15c7fc623e110bf705a0304f8cb4169e0906b77de,PASS,true,true,,,2026-08-19T04:40:41.449684Z,2026-08-19T04:41:40.965595Z,59516,10162,132,28,7,true,0,true,30046,true,30046,true,65519,true,50525,true,50525,true,0,true,0,true,0,50460,50630,50525,50525,19560,20440,34550,36030,65140,66190,14889,14994,30085,14495,20086,15290,35376,65519,0,30143,32646,47936,50229,0,true,94b4c163b7dfe5ce3607f7bb8456f9573f7de57d,bb9554ce399669698c26f022500aef7a2d410e2d4e5619ce80f016de4ee7a15f,2a8fbe2a30f1967d677ebc9303446bd6833cb280bab11f3190a2bdb87450e7ba,d58350323307539d7058ad9566a801d94539d59a564e957121913949102fc6b3,8539b05bb91c4bcf1d3251a12fad133f2f0a65f7cf878974cd50776a9149d75b,Android/sdk_phone64_x86_64/emu64x:17/CP2A.260605.016/lostboundaries-r1-as:userdebug/test-keys,CP2A.260605.016,lostboundaries-r1-as,2026-06-05,fa884bc6-f149-4d23-889a-2e44cb175e92
8,8,runs/evidence8.json,6efe0e01245663394276927912c34e47b4f4b2d231343cd6c07d84db63569b80,cp2a-r1-as-20260819T043340Z,582ae8927a78e2d5e77b7cb15c7fc623e110bf705a0304f8cb4169e0906b77de,PASS,true,true,,,2026-08-19T04:41:41.100796Z,2026-08-19T04:42:40.441365Z,59341,10163,129,28,7,true,0,true,30058,true,30058,true,65283,true,50295,true,50295,true,0,true,0,true,0,50220,50400,50295,50296,19550,20200,34530,35770,64890,65940,14883,14988,30095,14525,19860,15283,35143,65283,0,30140,32420,47703,50000,0,true,94b4c163b7dfe5ce3607f7bb8456f9573f7de57d,bb9554ce399669698c26f022500aef7a2d410e2d4e5619ce80f016de4ee7a15f,2a8fbe2a30f1967d677ebc9303446bd6833cb280bab11f3190a2bdb87450e7ba,d58350323307539d7058ad9566a801d94539d59a564e957121913949102fc6b3,8539b05bb91c4bcf1d3251a12fad133f2f0a65f7cf878974cd50776a9149d75b,Android/sdk_phone64_x86_64/emu64x:17/CP2A.260605.016/lostboundaries-r1-as:userdebug/test-keys,CP2A.260605.016,lostboundaries-r1-as,2026-06-05,fa884bc6-f149-4d23-889a-2e44cb175e92
9,9,runs/evidence9.json,ba8beb12fb5353b19ea5ecbfb9043524cd323c0a73b823a31149934526cd6a29,cp2a-r1-as-20260819T043340Z,582ae8927a78e2d5e77b7cb15c7fc623e110bf705a0304f8cb4169e0906b77de,PASS,true,true,,,2026-08-19T04:42:40.576242Z,2026-08-19T04:43:39.871382Z,59295,10164,135,28,7,true,0,true,30048,true,30048,true,65501,true,50504,true,50504,true,0,true,0,true,0,50440,50620,50504,50506,19550,20420,34530,36000,65110,66170,14881,14997,30084,14504,20089,15284,35373,65501,0,30128,32629,47913,50217,0,true,94b4c163b7dfe5ce3607f7bb8456f9573f7de57d,bb9554ce399669698c26f022500aef7a2d410e2d4e5619ce80f016de4ee7a15f,2a8fbe2a30f1967d677ebc9303446bd6833cb280bab11f3190a2bdb87450e7ba,d58350323307539d7058ad9566a801d94539d59a564e957121913949102fc6b3,8539b05bb91c4bcf1d3251a12fad133f2f0a65f7cf878974cd50776a9149d75b,Android/sdk_phone64_x86_64/emu64x:17/CP2A.260605.016/lostboundaries-r1-as:userdebug/test-keys,CP2A.260605.016,lostboundaries-r1-as,2026-06-05,fa884bc6-f149-4d23-889a-2e44cb175e92
10,10,runs/evidence10.json,0dfa474876a6ccca268cccf08ae562b2a40b5af4336434388c22ab775f681df4,cp2a-r1-as-20260819T043340Z,582ae8927a78e2d5e77b7cb15c7fc623e110bf705a0304f8cb4169e0906b77de,PASS,true,true,,,2026-08-19T04:43:40.011736Z,2026-08-19T04:44:39.226339Z,59215,10165,132,28,7,true,0,true,30049,true,30049,true,65532,true,50538,true,50538,true,0,true,0,true,0,50460,50650,50537,50538,19560,20440,34550,36030,65140,66200,14882,14994,30098,14508,20100,15289,35389,65532,0,30143,32641,47930,50243,0,true,94b4c163b7dfe5ce3607f7bb8456f9573f7de57d,bb9554ce399669698c26f022500aef7a2d410e2d4e5619ce80f016de4ee7a15f,2a8fbe2a30f1967d677ebc9303446bd6833cb280bab11f3190a2bdb87450e7ba,d58350323307539d7058ad9566a801d94539d59a564e957121913949102fc6b3,8539b05bb91c4bcf1d3251a12fad133f2f0a65f7cf878974cd50776a9149d75b,Android/sdk_phone64_x86_64/emu64x:17/CP2A.260605.016/lostboundaries-r1-as:userdebug/test-keys,CP2A.260605.016,lostboundaries-r1-as,2026-06-05,fa884bc6-f149-4d23-889a-2e44cb175e92
11,11,runs/evidence11.json,cae52a92e514a0e3c0171246a112a59c52b22e70c25b37f4a15a54133c7df6d8,cp2a-r1-as-20260819T043340Z,582ae8927a78e2d5e77b7cb15c7fc623e110bf705a0304f8cb4169e0906b77de,PASS,true,true,,,2026-08-19T04:44:39.363875Z,2026-08-19T04:45:38.072966Z,58709,10166,129,28,7,true,0,true,30046,true,30046,true,65290,true,50293,true,50293,true,0,true,0,true,0,50220,50410,50293,50293,19560,20220,34550,35810,64910,65970,14880,14997,30073,14483,19876,15286,35162,65290,0,30128,32413,47699,50004,0,true,94b4c163b7dfe5ce3607f7bb8456f9573f7de57d,bb9554ce399669698c26f022500aef7a2d410e2d4e5619ce80f016de4ee7a15f,2a8fbe2a30f1967d677ebc9303446bd6833cb280bab11f3190a2bdb87450e7ba,d58350323307539d7058ad9566a801d94539d59a564e957121913949102fc6b3,8539b05bb91c4bcf1d3251a12fad133f2f0a65f7cf878974cd50776a9149d75b,Android/sdk_phone64_x86_64/emu64x:17/CP2A.260605.016/lostboundaries-r1-as:userdebug/test-keys,CP2A.260605.016,lostboundaries-r1-as,2026-06-05,fa884bc6-f149-4d23-889a-2e44cb175e92
12,12,runs/evidence12.json,e50b8759940282ab559fa5631d2d85866e35fee2daee6eb1d61fbcb976b2d39b,cp2a-r1-as-20260819T043340Z,582ae8927a78e2d5e77b7cb15c7fc623e110bf705a0304f8cb4169e0906b77de,PASS,true,true,,,2026-08-19T04:45:38.236813Z,2026-08-19T04:46:36.872093Z,58635,10167,129,28,7,true,0,true,30050,true,30050,true,65272,true,50252,true,50252,true,0,true,0,true,0,50180,50370,50251,50252,19560,20170,34550,35750,64900,65910,14902,15020,30082,14502,19861,15289,35150,65272,0,30122,32408,47697,49983,0,true,94b4c163b7dfe5ce3607f7bb8456f9573f7de57d,bb9554ce399669698c26f022500aef7a2d410e2d4e5619ce80f016de4ee7a15f,2a8fbe2a30f1967d677ebc9303446bd6833cb280bab11f3190a2bdb87450e7ba,d58350323307539d7058ad9566a801d94539d59a564e957121913949102fc6b3,8539b05bb91c4bcf1d3251a12fad133f2f0a65f7cf878974cd50776a9149d75b,Android/sdk_phone64_x86_64/emu64x:17/CP2A.260605.016/lostboundaries-r1-as:userdebug/test-keys,CP2A.260605.016,lostboundaries-r1-as,2026-06-05,fa884bc6-f149-4d23-889a-2e44cb175e92
13,13,runs/evidence13.json,5b230d9aebaa782e2f230af892cef6ef66cd6b37a121c4c74152f77d70eb6705,cp2a-r1-as-20260819T043340Z,582ae8927a78e2d5e77b7cb15c7fc623e110bf705a0304f8cb4169e0906b77de,PASS,true,true,,,2026-08-19T04:46:36.997569Z,2026-08-19T04:47:36.282561Z,59285,10168,132,28,7,true,0,true,30047,true,30047,true,65520,true,50503,true,50503,true,0,true,0,true,0,50440,50610,50503,50503,19550,20420,34540,36010,65130,66170,14910,15017,30083,14493,20086,15295,35381,65520,0,30139,32632,47927,50225,0,true,94b4c163b7dfe5ce3607f7bb8456f9573f7de57d,bb9554ce399669698c26f022500aef7a2d410e2d4e5619ce80f016de4ee7a15f,2a8fbe2a30f1967d677ebc9303446bd6833cb280bab11f3190a2bdb87450e7ba,d58350323307539d7058ad9566a801d94539d59a564e957121913949102fc6b3,8539b05bb91c4bcf1d3251a12fad133f2f0a65f7cf878974cd50776a9149d75b,Android/sdk_phone64_x86_64/emu64x:17/CP2A.260605.016/lostboundaries-r1-as:userdebug/test-keys,CP2A.260605.016,lostboundaries-r1-as,2026-06-05,fa884bc6-f149-4d23-889a-2e44cb175e92
14,14,runs/evidence14.json,23a4e72d17f116eb26c437e45e2571938876097ec5da0599a55d5fd48f3f4d98,cp2a-r1-as-20260819T043340Z,582ae8927a78e2d5e77b7cb15c7fc623e110bf705a0304f8cb4169e0906b77de,PASS,true,true,,,2026-08-19T04:47:36.409413Z,2026-08-19T04:48:35.373638Z,58964,10169,129,28,7,true,0,true,30043,true,30043,true,65286,true,50257,true,50257,true,0,true,0,true,0,50190,50370,50256,50258,19560,20180,34550,35770,64910,65930,14916,15029,30077,14487,19864,15296,35160,65286,0,30126,32403,47699,49990,0,true,94b4c163b7dfe5ce3607f7bb8456f9573f7de57d,bb9554ce399669698c26f022500aef7a2d410e2d4e5619ce80f016de4ee7a15f,2a8fbe2a30f1967d677ebc9303446bd6833cb280bab11f3190a2bdb87450e7ba,d58350323307539d7058ad9566a801d94539d59a564e957121913949102fc6b3,8539b05bb91c4bcf1d3251a12fad133f2f0a65f7cf878974cd50776a9149d75b,Android/sdk_phone64_x86_64/emu64x:17/CP2A.260605.016/lostboundaries-r1-as:userdebug/test-keys,CP2A.260605.016,lostboundaries-r1-as,2026-06-05,fa884bc6-f149-4d23-889a-2e44cb175e92
15,16,runs/evidence16.json,e61e0133691e2f005c604d14ed5df5a8ba594183aefba5555a5d4d8f10130c98,cp2a-r1-as-20260819T043340Z,582ae8927a78e2d5e77b7cb15c7fc623e110bf705a0304f8cb4169e0906b77de,PASS,true,true,,,2026-08-19T04:49:34.591018Z,2026-08-19T04:50:33.646168Z,59055,10171,132,28,7,true,0,true,30043,true,30043,true,65498,true,50497,true,50497,true,0,true,0,true,0,50430,50610,50497,50498,19540,20420,34520,36000,65100,66160,14888,15001,30077,14497,20077,15284,35361,65498,0,30137,32627,47911,50214,0,true,94b4c163b7dfe5ce3607f7bb8456f9573f7de57d,bb9554ce399669698c26f022500aef7a2d410e2d4e5619ce80f016de4ee7a15f,2a8fbe2a30f1967d677ebc9303446bd6833cb280bab11f3190a2bdb87450e7ba,d58350323307539d7058ad9566a801d94539d59a564e957121913949102fc6b3,8539b05bb91c4bcf1d3251a12fad133f2f0a65f7cf878974cd50776a9149d75b,Android/sdk_phone64_x86_64/emu64x:17/CP2A.260605.016/lostboundaries-r1-as:userdebug/test-keys,CP2A.260605.016,lostboundaries-r1-as,2026-06-05,fa884bc6-f149-4d23-889a-2e44cb175e92
16,17,runs/evidence17.json,7b8c5173f08201494f83e96ec1be53d0e8ee3420b94eaa2720e0127888deeea0,cp2a-r1-as-20260819T043340Z,582ae8927a78e2d5e77b7cb15c7fc623e110bf705a0304f8cb4169e0906b77de,PASS,true,true,,,2026-08-19T04:50:33.779702Z,2026-08-19T04:51:32.535832Z,58756,10172,129,28,7,true,0,true,30048,true,30048,true,65251,true,50266,true,50266,true,0,true,0,true,0,50190,50370,50266,50267,19540,20180,34520,35760,64870,65910,14881,14985,30086,14506,19847,15278,35125,65251,0,30126,32400,47678,49973,0,true,94b4c163b7dfe5ce3607f7bb8456f9573f7de57d,bb9554ce399669698c26f022500aef7a2d410e2d4e5619ce80f016de4ee7a15f,2a8fbe2a30f1967d677ebc9303446bd6833cb280bab11f3190a2bdb87450e7ba,d58350323307539d7058ad9566a801d94539d59a564e957121913949102fc6b3,8539b05bb91c4bcf1d3251a12fad133f2f0a65f7cf878974cd50776a9149d75b,Android/sdk_phone64_x86_64/emu64x:17/CP2A.260605.016/lostboundaries-r1-as:userdebug/test-keys,CP2A.260605.016,lostboundaries-r1-as,2026-06-05,fa884bc6-f149-4d23-889a-2e44cb175e92
17,18,runs/evidence18.json,e287e72bb7c8b64eae3135a69a3206c37bf9edb3cb9014c43b2436c7e034cfee,cp2a-r1-as-20260819T043340Z,582ae8927a78e2d5e77b7cb15c7fc623e110bf705a0304f8cb4169e0906b77de,PASS,true,true,,,2026-08-19T04:51:32.674174Z,2026-08-19T04:52:31.662981Z,58989,10173,132,28,7,true,0,true,30043,true,30043,true,65274,true,50281,true,50281,true,0,true,0,true,0,50210,50390,50281,50282,19550,20200,34540,35770,64900,65930,14884,14993,30081,14511,19862,15282,35144,65274,0,30130,32410,47692,49992,0,true,94b4c163b7dfe5ce3607f7bb8456f9573f7de57d,bb9554ce399669698c26f022500aef7a2d410e2d4e5619ce80f016de4ee7a15f,2a8fbe2a30f1967d677ebc9303446bd6833cb280bab11f3190a2bdb87450e7ba,d58350323307539d7058ad9566a801d94539d59a564e957121913949102fc6b3,8539b05bb91c4bcf1d3251a12fad133f2f0a65f7cf878974cd50776a9149d75b,Android/sdk_phone64_x86_64/emu64x:17/CP2A.260605.016/lostboundaries-r1-as:userdebug/test-keys,CP2A.260605.016,lostboundaries-r1-as,2026-06-05,fa884bc6-f149-4d23-889a-2e44cb175e92
18,19,runs/evidence19.json,28f78754969a70740a734059dd9dc241f50f0d29876a2baa2b0bb60738aa5e60,cp2a-r1-as-20260819T043340Z,582ae8927a78e2d5e77b7cb15c7fc623e110bf705a0304f8cb4169e0906b77de,PASS,true,true,,,2026-08-19T04:52:31.796469Z,2026-08-19T04:53:30.714872Z,58918,10174,132,28,7,true,0,true,30044,true,30044,true,65508,true,50511,true,50511,true,0,true,0,true,0,50440,50630,50509,50511,19560,20440,34550,36030,65130,66190,14878,14997,30071,14481,20087,15287,35374,65508,0,30134,32629,47916,50221,0,true,94b4c163b7dfe5ce3607f7bb8456f9573f7de57d,bb9554ce399669698c26f022500aef7a2d410e2d4e5619ce80f016de4ee7a15f,2a8fbe2a30f1967d677ebc9303446bd6833cb280bab11f3190a2bdb87450e7ba,d58350323307539d7058ad9566a801d94539d59a564e957121913949102fc6b3,8539b05bb91c4bcf1d3251a12fad133f2f0a65f7cf878974cd50776a9149d75b,Android/sdk_phone64_x86_64/emu64x:17/CP2A.260605.016/lostboundaries-r1-as:userdebug/test-keys,CP2A.260605.016,lostboundaries-r1-as,2026-06-05,fa884bc6-f149-4d23-889a-2e44cb175e92
19,20,runs/evidence20.json,bf263f0ac9aa7e63839b253072ec71d8fa8d77fad28128c4663285f4e71e8140,cp2a-r1-as-20260819T043340Z,582ae8927a78e2d5e77b7cb15c7fc623e110bf705a0304f8cb4169e0906b77de,PASS,true,true,,,2026-08-19T04:53:30.876573Z,2026-08-19T04:54:29.697437Z,58821,10175,132,28,7,true,0,true,30046,true,30046,true,65481,true,50484,true,50484,true,0,true,0,true,0,50410,50610,50484,50484,19550,20400,34540,35980,65100,66150,14871,14997,30084,14504,20073,15286,35359,65481,0,30122,32614,47900,50195,0,true,94b4c163b7dfe5ce3607f7bb8456f9573f7de57d,bb9554ce399669698c26f022500aef7a2d410e2d4e5619ce80f016de4ee7a15f,2a8fbe2a30f1967d677ebc9303446bd6833cb280bab11f3190a2bdb87450e7ba,d58350323307539d7058ad9566a801d94539d59a564e957121913949102fc6b3,8539b05bb91c4bcf1d3251a12fad133f2f0a65f7cf878974cd50776a9149d75b,Android/sdk_phone64_x86_64/emu64x:17/CP2A.260605.016/lostboundaries-r1-as:userdebug/test-keys,CP2A.260605.016,lostboundaries-r1-as,2026-06-05,fa884bc6-f149-4d23-889a-2e44cb175e92
20,21,runs/evidence21.json,b405d76148929e9d65a955c0efc7e031b2d56d4b4aa24228127b9adc37154032,cp2a-r1-as-20260819T043340Z,582ae8927a78e2d5e77b7cb15c7fc623e110bf705a0304f8cb4169e0906b77de,PASS,true,true,,,2026-08-19T04:54:29.830817Z,2026-08-19T04:55:29.089035Z,59258,10176,132,28,7,true,0,true,30045,true,30045,true,65294,true,50285,true,50285,true,0,true,0,true,0,50220,50410,50285,50285,19560,20200,34550,35780,64910,65960,14884,15009,30085,14505,19879,15285,35164,65294,0,30130,32416,47701,50009,0,true,94b4c163b7dfe5ce3607f7bb8456f9573f7de57d,bb9554ce399669698c26f022500aef7a2d410e2d4e5619ce80f016de4ee7a15f,2a8fbe2a30f1967d677ebc9303446bd6833cb280bab11f3190a2bdb87450e7ba,d58350323307539d7058ad9566a801d94539d59a564e957121913949102fc6b3,8539b05bb91c4bcf1d3251a12fad133f2f0a65f7cf878974cd50776a9149d75b,Android/sdk_phone64_x86_64/emu64x:17/CP2A.260605.016/lostboundaries-r1-as:userdebug/test-keys,CP2A.260605.016,lostboundaries-r1-as,2026-06-05,fa884bc6-f149-4d23-889a-2e44cb175e92
21,22,runs/evidence22.json,16c588f4b65ba1dc79d8362f0e233cda7cc64004f3e1f3b37a106614e83e4421,cp2a-r1-as-20260819T043340Z,582ae8927a78e2d5e77b7cb15c7fc623e110bf705a0304f8cb4169e0906b77de,PASS,true,true,,,2026-08-19T04:55:29.252634Z,2026-08-19T04:56:28.585964Z,59333,10177,132,28,7,true,0,true,30043,true,30043,true,65505,true,50507,true,50507,true,0,true,0,true,0,50440,50610,50507,50508,19550,20430,34540,36010,65120,66160,14895,14998,30077,14497,20070,15287,35357,65505,0,30148,32624,47911,50218,0,true,94b4c163b7dfe5ce3607f7bb8456f9573f7de57d,bb9554ce399669698c26f022500aef7a2d410e2d4e5619ce80f016de4ee7a15f,2a8fbe2a30f1967d677ebc9303446bd6833cb280bab11f3190a2bdb87450e7ba,d58350323307539d7058ad9566a801d94539d59a564e957121913949102fc6b3,8539b05bb91c4bcf1d3251a12fad133f2f0a65f7cf878974cd50776a9149d75b,Android/sdk_phone64_x86_64/emu64x:17/CP2A.260605.016/lostboundaries-r1-as:userdebug/test-keys,CP2A.260605.016,lostboundaries-r1-as,2026-06-05,fa884bc6-f149-4d23-889a-2e44cb175e92
22,23,runs/evidence23.json,99596bd9a67fd8b0991ae2df39c7f2e6799730e64035db1cca9385850c50d484,cp2a-r1-as-20260819T043340Z,582ae8927a78e2d5e77b7cb15c7fc623e110bf705a0304f8cb4169e0906b77de,PASS,true,true,,,2026-08-19T04:56:28.716233Z,2026-08-19T04:57:28.266513Z,59550,10178,132,28,7,true,0,true,30044,true,30044,true,65492,true,50489,true,50489,true,0,true,0,true,0,50420,50610,50489,50489,19540,20410,34520,35990,65110,66160,14882,15003,30079,14499,20076,15281,35357,65492,0,30135,32632,47913,50211,0,true,94b4c163b7dfe5ce3607f7bb8456f9573f7de57d,bb9554ce399669698c26f022500aef7a2d410e2d4e5619ce80f016de4ee7a15f,2a8fbe2a30f1967d677ebc9303446bd6833cb280bab11f3190a2bdb87450e7ba,d58350323307539d7058ad9566a801d94539d59a564e957121913949102fc6b3,8539b05bb91c4bcf1d3251a12fad133f2f0a65f7cf878974cd50776a9149d75b,Android/sdk_phone64_x86_64/emu64x:17/CP2A.260605.016/lostboundaries-r1-as:userdebug/test-keys,CP2A.260605.016,lostboundaries-r1-as,2026-06-05,fa884bc6-f149-4d23-889a-2e44cb175e92
23,24,runs/evidence24.json,cc43b606851742288af9d233b0f7e291ef96c049c9339fc702a49b5c9545852e,cp2a-r1-as-20260819T043340Z,582ae8927a78e2d5e77b7cb15c7fc623e110bf705a0304f8cb4169e0906b77de,PASS,true,true,,,2026-08-19T04:57:28.430522Z,2026-08-19T04:58:28.023541Z,59593,10179,135,28,7,true,0,true,30049,true,30049,true,65509,true,50508,true,50508,true,0,true,0,true,0,50440,50630,50508,50509,19560,20420,34540,36010,65120,66190,14879,15001,30088,14498,20091,15289,35380,65509,0,30129,32631,47920,50220,0,true,94b4c163b7dfe5ce3607f7bb8456f9573f7de57d,bb9554ce399669698c26f022500aef7a2d410e2d4e5619ce80f016de4ee7a15f,2a8fbe2a30f1967d677ebc9303446bd6833cb280bab11f3190a2bdb87450e7ba,d58350323307539d7058ad9566a801d94539d59a564e957121913949102fc6b3,8539b05bb91c4bcf1d3251a12fad133f2f0a65f7cf878974cd50776a9149d75b,Android/sdk_phone64_x86_64/emu64x:17/CP2A.260605.016/lostboundaries-r1-as:userdebug/test-keys,CP2A.260605.016,lostboundaries-r1-as,2026-06-05,fa884bc6-f149-4d23-889a-2e44cb175e92
24,25,runs/evidence25.json,60def0e7f4553533c65422a984938b977306cc676b0fbc1fc55e4fec08885210,cp2a-r1-as-20260819T043340Z,582ae8927a78e2d5e77b7cb15c7fc623e110bf705a0304f8cb4169e0906b77de,PASS,true,true,,,2026-08-19T04:58:28.193813Z,2026-08-19T04:59:27.515879Z,59322,10180,132,28,7,true,0,true,30046,true,30046,true,65503,true,50500,true,50500,true,0,true,0,true,0,50430,50620,50500,50500,19560,20420,34540,36000,65120,66170,14883,15003,30080,14500,20075,15281,35356,65503,0,30147,32642,47923,50222,0,true,94b4c163b7dfe5ce3607f7bb8456f9573f7de57d,bb9554ce399669698c26f022500aef7a2d410e2d4e5619ce80f016de4ee7a15f,2a8fbe2a30f1967d677ebc9303446bd6833cb280bab11f3190a2bdb87450e7ba,d58350323307539d7058ad9566a801d94539d59a564e957121913949102fc6b3,8539b05bb91c4bcf1d3251a12fad133f2f0a65f7cf878974cd50776a9149d75b,Android/sdk_phone64_x86_64/emu64x:17/CP2A.260605.016/lostboundaries-r1-as:userdebug/test-keys,CP2A.260605.016,lostboundaries-r1-as,2026-06-05,fa884bc6-f149-4d23-889a-2e44cb175e92
25,26,runs/evidence26.json,56214abf96189ef58594b103b3afb886375b5ebfdc5c60f2cbe2022138de3ee4,cp2a-r1-as-20260819T043340Z,582ae8927a78e2d5e77b7cb15c7fc623e110bf705a0304f8cb4169e0906b77de,PASS,true,true,,,2026-08-19T04:59:27.644467Z,2026-08-19T05:00:26.782364Z,59138,10181,129,28,7,true,0,true,30045,true,30045,true,65298,true,50290,true,50290,true,0,true,0,true,0,50220,50400,50290,50290,19570,20210,34560,35800,64920,65960,14898,15008,30080,14490,19883,15286,35169,65298,0,30129,32418,47704,50012,0,true,94b4c163b7dfe5ce3607f7bb8456f9573f7de57d,bb9554ce399669698c26f022500aef7a2d410e2d4e5619ce80f016de4ee7a15f,2a8fbe2a30f1967d677ebc9303446bd6833cb280bab11f3190a2bdb87450e7ba,d58350323307539d7058ad9566a801d94539d59a564e957121913949102fc6b3,8539b05bb91c4bcf1d3251a12fad133f2f0a65f7cf878974cd50776a9149d75b,Android/sdk_phone64_x86_64/emu64x:17/CP2A.260605.016/lostboundaries-r1-as:userdebug/test-keys,CP2A.260605.016,lostboundaries-r1-as,2026-06-05,fa884bc6-f149-4d23-889a-2e44cb175e92
26,27,runs/evidence27.json,3d9ed647c8386867ada1e53e7fc670a9e746de28fd50ce0cdcc3975f34b2ddcd,cp2a-r1-as-20260819T043340Z,582ae8927a78e2d5e77b7cb15c7fc623e110bf705a0304f8cb4169e0906b77de,PASS,true,true,,,2026-08-19T05:00:26.915330Z,2026-08-19T05:01:26.272177Z,59357,10182,132,28,7,true,0,true,30053,true,30053,true,65291,true,50296,true,50296,true,0,true,0,true,0,50220,50420,50296,50296,19550,20200,34540,35790,64910,65980,14871,14995,30096,14506,19867,15285,35152,65291,0,30139,32421,47706,50006,0,true,94b4c163b7dfe5ce3607f7bb8456f9573f7de57d,bb9554ce399669698c26f022500aef7a2d410e2d4e5619ce80f016de4ee7a15f,2a8fbe2a30f1967d677ebc9303446bd6833cb280bab11f3190a2bdb87450e7ba,d58350323307539d7058ad9566a801d94539d59a564e957121913949102fc6b3,8539b05bb91c4bcf1d3251a12fad133f2f0a65f7cf878974cd50776a9149d75b,Android/sdk_phone64_x86_64/emu64x:17/CP2A.260605.016/lostboundaries-r1-as:userdebug/test-keys,CP2A.260605.016,lostboundaries-r1-as,2026-06-05,fa884bc6-f149-4d23-889a-2e44cb175e92
27,28,runs/evidence28.json,c1df88248dc5958034ae6ac7d17d5eadd9bc2cd6530932beeaba8301f16f7727,cp2a-r1-as-20260819T043340Z,582ae8927a78e2d5e77b7cb15c7fc623e110bf705a0304f8cb4169e0906b77de,PASS,true,true,,,2026-08-19T05:01:26.398301Z,2026-08-19T05:02:25.814766Z,59416,10183,132,28,7,true,0,true,30048,true,30048,true,65513,true,50511,true,50511,true,0,true,0,true,0,50440,50630,50511,50511,19550,20420,34540,36000,65130,66170,14883,15002,30091,14511,20079,15288,35367,65513,0,30146,32641,47929,50225,0,true,94b4c163b7dfe5ce3607f7bb8456f9573f7de57d,bb9554ce399669698c26f022500aef7a2d410e2d4e5619ce80f016de4ee7a15f,2a8fbe2a30f1967d677ebc9303446bd6833cb280bab11f3190a2bdb87450e7ba,d58350323307539d7058ad9566a801d94539d59a564e957121913949102fc6b3,8539b05bb91c4bcf1d3251a12fad133f2f0a65f7cf878974cd50776a9149d75b,Android/sdk_phone64_x86_64/emu64x:17/CP2A.260605.016/lostboundaries-r1-as:userdebug/test-keys,CP2A.260605.016,lostboundaries-r1-as,2026-06-05,fa884bc6-f149-4d23-889a-2e44cb175e92
28,29,runs/evidence29.json,461a3281cee2aca439cdaf4cee6ff6d4a57330c31f135adf6fcff1e3d13380c8,cp2a-r1-as-20260819T043340Z,582ae8927a78e2d5e77b7cb15c7fc623e110bf705a0304f8cb4169e0906b77de,PASS,true,true,,,2026-08-19T05:02:25.943279Z,2026-08-19T05:03:25.411211Z,59468,10184,132,28,7,true,0,true,30046,true,30046,true,65527,true,50522,true,50522,true,0,true,0,true,0,50450,50640,50522,50522,19560,20440,34540,36020,65130,66190,14887,15005,30082,14502,20102,15285,35387,65527,0,30140,32642,47927,50242,0,true,94b4c163b7dfe5ce3607f7bb8456f9573f7de57d,bb9554ce399669698c26f022500aef7a2d410e2d4e5619ce80f016de4ee7a15f,2a8fbe2a30f1967d677ebc9303446bd6833cb280bab11f3190a2bdb87450e7ba,d58350323307539d7058ad9566a801d94539d59a564e957121913949102fc6b3,8539b05bb91c4bcf1d3251a12fad133f2f0a65f7cf878974cd50776a9149d75b,Android/sdk_phone64_x86_64/emu64x:17/CP2A.260605.016/lostboundaries-r1-as:userdebug/test-keys,CP2A.260605.016,lostboundaries-r1-as,2026-06-05,fa884bc6-f149-4d23-889a-2e44cb175e92
29,30,runs/evidence30.json,213ab5931fcec5208e121827689012b5a35a6ba0238d3902cdc1ab0e9f41a1e2,cp2a-r1-as-20260819T043340Z,582ae8927a78e2d5e77b7cb15c7fc623e110bf705a0304f8cb4169e0906b77de,PASS,true,true,,,2026-08-19T05:03:25.550430Z,2026-08-19T05:04:24.896296Z,59346,10185,132,28,7,true,0,true,30049,true,30049,true,65298,true,50310,true,50310,true,0,true,0,true,0,50240,50450,50309,50311,19570,20220,34560,35810,64920,66000,14848,14988,30090,14500,19875,15289,35164,65298,0,30134,32420,47709,50009,0,true,94b4c163b7dfe5ce3607f7bb8456f9573f7de57d,bb9554ce399669698c26f022500aef7a2d410e2d4e5619ce80f016de4ee7a15f,2a8fbe2a30f1967d677ebc9303446bd6833cb280bab11f3190a2bdb87450e7ba,d58350323307539d7058ad9566a801d94539d59a564e957121913949102fc6b3,8539b05bb91c4bcf1d3251a12fad133f2f0a65f7cf878974cd50776a9149d75b,Android/sdk_phone64_x86_64/emu64x:17/CP2A.260605.016/lostboundaries-r1-as:userdebug/test-keys,CP2A.260605.016,lostboundaries-r1-as,2026-06-05,fa884bc6-f149-4d23-889a-2e44cb175e92
30,31,runs/evidence31.json,38665cf52b3f5cef56efff3a09c3c507a1ba252a149db013e0350e5d0a8ec9de,cp2a-r1-as-20260819T043340Z,582ae8927a78e2d5e77b7cb15c7fc623e110bf705a0304f8cb4169e0906b77de,PASS,true,true,,,2026-08-19T05:04:25.022901Z,2026-08-19T05:05:24.085468Z,59063,10186,132,28,7,true,0,true,30046,true,30046,true,65543,true,50517,true,50517,true,0,true,0,true,0,50450,50640,50517,50517,19560,20440,34550,36030,65150,66200,14903,15026,30077,14487,20097,15291,35388,65543,0,30155,32647,47938,50252,0,true,94b4c163b7dfe5ce3607f7bb8456f9573f7de57d,bb9554ce399669698c26f022500aef7a2d410e2d4e5619ce80f016de4ee7a15f,2a8fbe2a30f1967d677ebc9303446bd6833cb280bab11f3190a2bdb87450e7ba,d58350323307539d7058ad9566a801d94539d59a564e957121913949102fc6b3,8539b05bb91c4bcf1d3251a12fad133f2f0a65f7cf878974cd50776a9149d75b,Android/sdk_phone64_x86_64/emu64x:17/CP2A.260605.016/lostboundaries-r1-as:userdebug/test-keys,CP2A.260605.016,lostboundaries-r1-as,2026-06-05,fa884bc6-f149-4d23-889a-2e44cb175e92
